filename,#state
log-abs-cb2-c-a-gcd1-state.log,6592
log-abs-cb2-c-a-gcd2-state.log,20397
log-abs-cb2-c-a-gcd3-state.log,39489
log-abs-cb2-c-i-gcd1-state.log,2847
log-abs-cb2-c-i-gcd2-state.log,7300
log-abs-cb2-c-i-gcd3-state.log,15400
log-abs-cb2-c-n-gcd1-state.log,6902
log-abs-cb2-c-n-gcd2-state.log,20707
log-abs-cb2-c-n-gcd3-state.log,40795
log-abs-cb2-c-p-gcd1-state.log,2537
log-abs-cb2-c-p-gcd2-state.log,6793
log-abs-cb2-c-p-gcd3-state.log,13897
log-abs-cb2-s-a-gcd1-state.log,1640
log-abs-cb2-s-a-gcd2-state.log,4818
log-abs-cb2-s-a-gcd3-state.log,9620
log-abs-cb2-s-i-gcd1-state.log,2676
log-abs-cb2-s-i-gcd2-state.log,9700
log-abs-cb2-s-i-gcd3-state.log,21376
log-abs-cb2-s-n-gcd1-state.log,2676
log-abs-cb2-s-n-gcd2-state.log,9700
log-abs-cb2-s-n-gcd3-state.log,21376
log-abs-cb2-s-p-gcd1-state.log,1443
log-abs-cb2-s-p-gcd2-state.log,4401
log-abs-cb2-s-p-gcd3-state.log,8969
log-abs-r-c-a-gcd1-state.log,326
log-abs-r-c-a-gcd2-state.log,1079
log-abs-r-c-a-gcd3-state.log,1970
log-abs-r-c-i-gcd1-state.log,228
log-abs-r-c-i-gcd2-state.log,677
log-abs-r-c-i-gcd3-state.log,1416
log-abs-r-c-n-gcd1-state.log,482
log-abs-r-c-n-gcd2-state.log,1652
log-abs-r-c-n-gcd3-state.log,3396
log-abs-r-c-p-gcd1-state.log,130
log-abs-r-c-p-gcd2-state.log,358
log-abs-r-c-p-gcd3-state.log,674
log-abs-r-s-a-gcd1-state.log,134
log-abs-r-s-a-gcd2-state.log,214
log-abs-r-s-a-gcd3-state.log,353
log-abs-r-s-i-gcd1-state.log,232
log-abs-r-s-i-gcd2-state.log,681
log-abs-r-s-i-gcd3-state.log,1438
log-abs-r-s-n-gcd1-state.log,232
log-abs-r-s-n-gcd2-state.log,681
log-abs-r-s-n-gcd3-state.log,1438
log-abs-r-s-p-gcd1-state.log,134
log-abs-r-s-p-gcd2-state.log,199
log-abs-r-s-p-gcd3-state.log,338
log-abs-t1-c-i-gcd1-state.log,265005
log-abs-t1-c-p-gcd1-state.log,82743
log-abs-t1-s-a-gcd1-state.log,51612
log-abs-t1-s-i-gcd1-state.log,60076
log-abs-t1-s-n-gcd1-state.log,119624
log-abs-t1-s-p-gcd1-state.log,26232
log-abs-t1-s-p-gcd2-state.log,151191
log-abs-t2-c-a-gcd1-state.log,73328
log-abs-t2-c-i-gcd1-state.log,31841
log-abs-t2-c-i-gcd2-state.log,205201
log-abs-t2-c-n-gcd1-state.log,145593
log-abs-t2-c-p-gcd1-state.log,13484
log-abs-t2-c-p-gcd2-state.log,58465
log-abs-t2-s-a-gcd1-state.log,11751
log-abs-t2-s-a-gcd2-state.log,81129
log-abs-t2-s-i-gcd1-state.log,12143
log-abs-t2-s-i-gcd2-state.log,64659
log-abs-t2-s-n-gcd1-state.log,23857
log-abs-t2-s-n-gcd2-state.log,151857
log-abs-t2-s-p-gcd1-state.log,6067
log-abs-t2-s-p-gcd2-state.log,34729
log-abs-t3-c-a-gcd1-state.log,22410
log-abs-t3-c-a-gcd2-state.log,104103
log-abs-t3-c-i-gcd1-state.log,6918
log-abs-t3-c-i-gcd2-state.log,42983
log-abs-t3-c-i-gcd3-state.log,269674
log-abs-t3-c-n-gcd1-state.log,29132
log-abs-t3-c-n-gcd2-state.log,243603
log-abs-t3-c-p-gcd1-state.log,4309
log-abs-t3-c-p-gcd2-state.log,18020
log-abs-t3-c-p-gcd3-state.log,98846
log-abs-t3-s-a-gcd1-state.log,2921
log-abs-t3-s-a-gcd2-state.log,18909
log-abs-t3-s-a-gcd3-state.log,216558
log-abs-t3-s-i-gcd1-state.log,2587
log-abs-t3-s-i-gcd2-state.log,13037
log-abs-t3-s-i-gcd3-state.log,155005
log-abs-t3-s-n-gcd1-state.log,4999
log-abs-t3-s-n-gcd2-state.log,29689
log-abs-t3-s-n-gcd3-state.log,323470
log-abs-t3-s-p-gcd1-state.log,1533
log-abs-t3-s-p-gcd2-state.log,8377
log-abs-t3-s-p-gcd3-state.log,99804
log-abs-t4-c-a-gcd1-state.log,21246
log-abs-t4-c-a-gcd2-state.log,99507
log-abs-t4-c-i-gcd1-state.log,4876
log-abs-t4-c-i-gcd2-state.log,24383
log-abs-t4-c-i-gcd3-state.log,119477
log-abs-t4-c-n-gcd1-state.log,24284
log-abs-t4-c-n-gcd2-state.log,146079
log-abs-t4-c-p-gcd1-state.log,3638
log-abs-t4-c-p-gcd2-state.log,15409
log-abs-t4-c-p-gcd3-state.log,82954
log-abs-t4-s-a-gcd1-state.log,3212
log-abs-t4-s-a-gcd2-state.log,17391
log-abs-t4-s-a-gcd3-state.log,87915
log-abs-t4-s-i-gcd1-state.log,2336
log-abs-t4-s-i-gcd2-state.log,10531
log-abs-t4-s-i-gcd3-state.log,61544
log-abs-t4-s-n-gcd1-state.log,4814
log-abs-t4-s-n-gcd2-state.log,24739
log-abs-t4-s-n-gcd3-state.log,137564
log-abs-t4-s-p-gcd1-state.log,1560
log-abs-t4-s-p-gcd2-state.log,7371
log-abs-t4-s-p-gcd3-state.log,38121
log-abs-t5-c-a-gcd1-state.log,1007
log-abs-t5-c-a-gcd2-state.log,4675
log-abs-t5-c-a-gcd3-state.log,14874
log-abs-t5-c-i-gcd1-state.log,517
log-abs-t5-c-i-gcd2-state.log,2145
log-abs-t5-c-i-gcd3-state.log,7342
log-abs-t5-c-n-gcd1-state.log,1029
log-abs-t5-c-n-gcd2-state.log,4743
log-abs-t5-c-n-gcd3-state.log,15469
log-abs-t5-c-p-gcd1-state.log,495
log-abs-t5-c-p-gcd2-state.log,2077
log-abs-t5-c-p-gcd3-state.log,6747
log-abs-t5-s-a-gcd1-state.log,156
log-abs-t5-s-a-gcd2-state.log,321
log-abs-t5-s-a-gcd3-state.log,1105
log-abs-t5-s-i-gcd1-state.log,213
log-abs-t5-s-i-gcd2-state.log,542
log-abs-t5-s-i-gcd3-state.log,2273
log-abs-t5-s-n-gcd1-state.log,213
log-abs-t5-s-n-gcd2-state.log,542
log-abs-t5-s-n-gcd3-state.log,2273
log-abs-t5-s-p-gcd1-state.log,156
log-abs-t5-s-p-gcd2-state.log,298
log-abs-t5-s-p-gcd3-state.log,1082
log-con-r-c-a-gcd1-state.log,618922
log-con-r-c-i-gcd1-state.log,101868
log-con-r-c-p-gcd1-state.log,37790
log-con-r-s-a-gcd1-state.log,87406
log-con-r-s-i-gcd1-state.log,68978
log-con-r-s-p-gcd1-state.log,15206
log-con-r-s-p-gcd2-state.log,138886
log-con-t5-c-p-gcd1-state.log,244998
log-con-t5-s-p-gcd1-state.log,32650
log-con-t5-s-p-gcd2-state.log,255162
log-gcd-cb2-c-a-gcd1-state.log,24628
log-gcd-cb2-c-a-gcd2-state.log,54935
log-gcd-cb2-c-a-gcd3-state.log,78766
log-gcd-cb2-c-i-gcd1-state.log,9420
log-gcd-cb2-c-i-gcd2-state.log,22042
log-gcd-cb2-c-i-gcd3-state.log,30920
log-gcd-cb2-c-n-gcd1-state.log,25556
log-gcd-cb2-c-n-gcd2-state.log,56792
log-gcd-cb2-c-n-gcd3-state.log,81618
log-gcd-cb2-c-p-gcd1-state.log,8492
log-gcd-cb2-c-p-gcd2-state.log,19397
log-gcd-cb2-c-p-gcd3-state.log,27280
log-gcd-cb2-s-a-gcd1-state.log,5213
log-gcd-cb2-s-a-gcd2-state.log,10779
log-gcd-cb2-s-a-gcd3-state.log,16569
log-gcd-cb2-s-i-gcd1-state.log,9138
log-gcd-cb2-s-i-gcd2-state.log,19082
log-gcd-cb2-s-i-gcd3-state.log,29410
log-gcd-cb2-s-n-gcd1-state.log,9138
log-gcd-cb2-s-n-gcd2-state.log,19082
log-gcd-cb2-s-n-gcd3-state.log,29410
log-gcd-cb2-s-p-gcd1-state.log,4425
log-gcd-cb2-s-p-gcd2-state.log,9099
log-gcd-cb2-s-p-gcd3-state.log,13941
log-gcd-r-c-a-gcd1-state.log,1117
log-gcd-r-c-a-gcd2-state.log,3968
log-gcd-r-c-a-gcd3-state.log,6270
log-gcd-r-c-i-gcd1-state.log,639
log-gcd-r-c-i-gcd2-state.log,3732
log-gcd-r-c-i-gcd3-state.log,6480
log-gcd-r-c-n-gcd1-state.log,1596
log-gcd-r-c-n-gcd2-state.log,10861
log-gcd-r-c-n-gcd3-state.log,18445
log-gcd-r-c-p-gcd1-state.log,
log-gcd-r-c-p-gcd2-state.log,1346
log-gcd-r-c-p-gcd3-state.log,1997
log-gcd-r-s-a-gcd1-state.log,372
log-gcd-r-s-a-gcd2-state.log,747
log-gcd-r-s-a-gcd3-state.log,907
log-gcd-r-s-i-gcd1-state.log,618
log-gcd-r-s-i-gcd2-state.log,2248
log-gcd-r-s-i-gcd3-state.log,3572
log-gcd-r-s-n-gcd1-state.log,618
log-gcd-r-s-n-gcd2-state.log,2248
log-gcd-r-s-n-gcd3-state.log,3572
log-gcd-r-s-p-gcd2-state.log,677
log-gcd-r-s-p-gcd3-state.log,827
log-gcd-t1-c-p-gcd1-state.log,255727
log-gcd-t1-s-a-gcd1-state.log,188557
log-gcd-t1-s-i-gcd1-state.log,200619
log-gcd-t1-s-p-gcd1-state.log,78049
log-gcd-t2-c-a-gcd1-state.log,251236
log-gcd-t2-c-i-gcd1-state.log,88420
log-gcd-t2-c-p-gcd1-state.log,37864
log-gcd-t2-c-p-gcd2-state.log,115957
log-gcd-t2-s-a-gcd1-state.log,37938
log-gcd-t2-s-a-gcd2-state.log,207958
log-gcd-t2-s-i-gcd1-state.log,36844
log-gcd-t2-s-n-gcd1-state.log,86998
log-gcd-t2-s-p-gcd1-state.log,16122
log-gcd-t2-s-p-gcd2-state.log,83592
log-gcd-t3-c-a-gcd1-state.log,87480
log-gcd-t3-c-a-gcd2-state.log,269467
log-gcd-t3-c-i-gcd1-state.log,17804
log-gcd-t3-c-i-gcd2-state.log,174324
log-gcd-t3-c-i-gcd3-state.log,403469
log-gcd-t3-c-n-gcd1-state.log,98020
log-gcd-t3-c-p-gcd1-state.log,13723
log-gcd-t3-c-p-gcd2-state.log,45171
log-gcd-t3-c-p-gcd3-state.log,144208
log-gcd-t3-s-a-gcd1-state.log,9404
log-gcd-t3-s-a-gcd2-state.log,46732
log-gcd-t3-s-a-gcd3-state.log,240441
log-gcd-t3-s-i-gcd1-state.log,7631
log-gcd-t3-s-i-gcd2-state.log,58700
log-gcd-t3-s-i-gcd3-state.log,230085
log-gcd-t3-s-n-gcd1-state.log,17669
log-gcd-t3-s-n-gcd2-state.log,144634
log-gcd-t3-s-p-gcd1-state.log,4086
log-gcd-t3-s-p-gcd2-state.log,19344
log-gcd-t3-s-p-gcd3-state.log,96947
log-gcd-t4-c-a-gcd1-state.log,83649
log-gcd-t4-c-a-gcd2-state.log,256644
log-gcd-t4-c-i-gcd1-state.log,14610
log-gcd-t4-c-i-gcd2-state.log,110873
log-gcd-t4-c-i-gcd3-state.log,252117
log-gcd-t4-c-n-gcd1-state.log,90900
log-gcd-t4-c-p-gcd1-state.log,11765
log-gcd-t4-c-p-gcd2-state.log,38420
log-gcd-t4-c-p-gcd3-state.log,127105
log-gcd-t4-s-a-gcd1-state.log,9020
log-gcd-t4-s-a-gcd2-state.log,41141
log-gcd-t4-s-a-gcd3-state.log,119740
log-gcd-t4-s-i-gcd1-state.log,6465
log-gcd-t4-s-i-gcd2-state.log,47116
log-gcd-t4-s-i-gcd3-state.log,123640
log-gcd-t4-s-n-gcd1-state.log,15516
log-gcd-t4-s-n-gcd2-state.log,117435
log-gcd-t4-s-n-gcd3-state.log,304550
log-gcd-t4-s-p-gcd1-state.log,3771
log-gcd-t4-s-p-gcd2-state.log,16627
log-gcd-t4-s-p-gcd3-state.log,46540
log-gcd-t5-c-a-gcd1-state.log,3254
log-gcd-t5-c-a-gcd2-state.log,11069
log-gcd-t5-c-a-gcd3-state.log,23086
log-gcd-t5-c-i-gcd1-state.log,1442
log-gcd-t5-c-i-gcd2-state.log,6176
log-gcd-t5-c-i-gcd3-state.log,11839
log-gcd-t5-c-n-gcd1-state.log,3315
log-gcd-t5-c-n-gcd2-state.log,14573
log-gcd-t5-c-n-gcd3-state.log,27231
log-gcd-t5-c-p-gcd1-state.log,1381
log-gcd-t5-c-p-gcd2-state.log,4637
log-gcd-t5-c-p-gcd3-state.log,9617
log-gcd-t5-s-a-gcd1-state.log,346
log-gcd-t5-s-a-gcd2-state.log,901
log-gcd-t5-s-a-gcd3-state.log,1644
log-gcd-t5-s-i-gcd1-state.log,510
log-gcd-t5-s-i-gcd2-state.log,1540
log-gcd-t5-s-i-gcd3-state.log,2817
log-gcd-t5-s-n-gcd1-state.log,510
log-gcd-t5-s-n-gcd2-state.log,1540
log-gcd-t5-s-n-gcd3-state.log,2817
log-gcd-t5-s-p-gcd1-state.log,346
log-gcd-t5-s-p-gcd2-state.log,809
log-gcd-t5-s-p-gcd3-state.log,1538
